{
    "progres": {
        "days": [
            0.181818182,
            0.090909091,
            0.181818182,
            0.090909091,
            0.181818182,
            0.090909091,
            0.181818182
        ],
        "weeks": [
            0.000698812,
            0.001397624,
            0.002096436,
            0.002795248,
            0.00349406,
            0.004192872,
            0.004891684,
            0.005590496,
            0.006289308,
            0.00698812,
            0.007686932,
            0.008385744,
            0.009084556,
            0.009783368,
            0.01048218,
            0.011180992,
            0.011879804,
            0.012578616,
            0.013277428,
            0.01397624,
            0.014675052,
            0.015373864,
            0.016072676,
            0.016771488,
            0.0174703,
            0.018169113,
            0.018867925,
            0.019566737,
            0.020265549,
            0.020964361,
            0.021663173,
            0.022361985,
            0.023060797,
            0.023759609,
            0.024458421,
            0.025157233,
            0.025856045,
            0.026554857,
            0.027253669,
            0.027952481,
            0.028651293,
            0.029350105,
            0.030048917,
            0.030747729,
            0.031446541,
            0.032145353,
            0.032844165,
            0.033542977,
            0.034241789,
            0.034940601,
            0.035639413,
            0.036338225,
            0.037037037
        ],
        "total": 999,
        "factor": 1
    },
    "regres": {
        "days": [
            0,
            0,
            0.142857143,
            0.714285714,
            0.142857143,
            0,
            0
        ],
        "weeks": [
            0.037037037,
            0.036338225,
            0.035639413,
            0.034940601,
            0.034241789,
            0.033542977,
            0.032844165,
            0.032145353,
            0.031446541,
            0.030747729,
            0.030048917,
            0.029350105,
            0.028651293,
            0.027952481,
            0.027253669,
            0.026554857,
            0.025856045,
            0.025157233,
            0.024458421,
            0.023759609,
            0.023060797,
            0.022361985,
            0.021663173,
            0.020964361,
            0.020265549,
            0.019566737,
            0.018867925,
            0.018169113,
            0.0174703,
            0.016771488,
            0.016072676,
            0.015373864,
            0.014675052,
            0.01397624,
            0.013277428,
            0.012578616,
            0.011879804,
            0.011180992,
            0.01048218,
            0.009783368,
            0.009084556,
            0.008385744,
            0.007686932,
            0.00698812,
            0.006289308,
            0.005590496,
            0.004891684,
            0.004192872,
            0.00349406,
            0.002795248,
            0.002096436,
            0.001397624,
            0.000698812
        ],
        "total": 100,
        "factor": 1.4
    }
}